{
  "Andhra Pradesh": ["Visakhapatnam", "Vijayawada", "Guntur", "Nellore", "Tirupati"],
  "Arunachal Pradesh": ["Itanagar", "Pasighat", "Ziro", "Tawang", "Bomdila"],
  "Assam": ["Guwahati", "Dispur", "Silchar", "Jorhat", "Dibrugarh"],
  "Bihar": ["Patna", "Gaya", "Bhagalpur", "Muzaffarpur", "Darbhanga"],
  "Chhattisgarh": ["Raipur", "Bhilai", "Durg", "Bilaspur", "Korba"],
  "Goa": ["Panaji", "Margao", "Vasco da Gama", "Ponda", "Mapusa"],
  "Gujarat": ["Ahmedabad", "Surat", "Vadodara", "Rajkot", "Bhavnagar"],
  "Haryana": ["Chandigarh", "Gurugram", "Faridabad", "Panipat", "Karnal"],
  "Himachal Pradesh": ["Shimla", "Manali", "Dharamshala", "Kullu", "Mandi"],
  "Jharkhand": ["Ranchi", "Jamshedpur", "Dhanbad", "Bokaro", "Hazaribagh"],
  "Karnataka": ["Bengaluru", "Mysore", "Mangalore", "Hubli", "Belgaum"],
  "Kerala": ["Thiruvananthapuram", "Kochi", "Kozhikode", "Thrissur", "Alappuzha"],
  "Madhya Pradesh": ["Bhopal", "Indore", "Gwalior", "Jabalpur", "Ujjain"],
  "Maharashtra": ["Mumbai", "Pune", "Nagpur", "Nashik", "Thane"],
  "Manipur": ["Imphal", "Thoubal", "Kakching", "Churachandpur", "Senapati"],
  "Meghalaya": ["Shillong", "Tura", "Nongpoh", "Nongstoin", "Jowai"],
  "Mizoram": ["Aizawl", "Lunglei", "Champhai", "Serchhip", "Saiha"],
  "Nagaland": ["Kohima", "Dimapur", "Mokokchung", "Tuensang", "Wokha"],
  "Odisha": ["Bhubaneswar", "Cuttack", "Rourkela", "Sambalpur", "Puri"],
  "Punjab": ["Chandigarh", "Amritsar", "Ludhiana", "Jalandhar", "Patiala"],
  "Rajasthan": ["Jaipur", "Udaipur", "Jodhpur", "Kota", "Bikaner"],
  "Sikkim": ["Gangtok", "Geyzing", "Namchi", "Mangan", "Yuksom"],
  "Tamil Nadu": ["Chennai", "Coimbatore", "Madurai", "Tiruchirappalli", "Salem"],
  "Telangana": ["Hyderabad", "Warangal", "Nizamabad", "Karimnagar", "Khammam"],
  "Tripura": ["Agartala", "Udaipur", "Kailashahar", "Dharmanagar", "Ambassa"],
  "Uttar Pradesh": ["Lucknow", "Kanpur", "Noida", "Varanasi", "Agra"],
  "Uttarakhand": ["Dehradun", "Haridwar", "Rishikesh", "Nainital", "Almora"],
  "West Bengal": ["Kolkata", "Howrah", "Darjeeling", "Durgapur", "Siliguri"],
  "Andaman and Nicobar Islands": ["Port Blair"],
  "Chandigarh": ["Chandigarh"],
  "Dadra and Nagar Haveli and Daman and Diu": ["Daman", "Diu", "Silvassa"],
  "Delhi": ["New Delhi", "Dwarka", "Saket", "Rohini", "Karol Bagh"],
  "Jammu and Kashmir": ["Srinagar", "Jammu", "Anantnag", "Leh", "Katra"],
  "Ladakh": ["Leh", "Kargil"],
  "Lakshadweep": ["Kavaratti", "Agatti"],
  "Puducherry": ["Pondicherry", "Karaikal", "Mahe", "Yanam"]
}
